title,artist,price,product_url,image_url
Simon Henriksson Cry of Fear ver. 2 Zipped Hoodie,randomspider,£30.19,https://www.redbubble.comhttps://www.redbubble.com/i/hoodie/Simon-Henriksson-Cry-of-Fear-ver-2-by-randomspider/149684608.SF8Q5,"https://ih1.redbubble.net/image.5669545103.4608/ssrco,mhoodiez,mens,heather_mid_grey,back,square_product,600x600-bg,f8f8f8.u8.jpg"
One lonely beastie I be. - Rap Lyrics Lightweight Hoodie,mymymagic,£26.93,https://www.redbubble.comhttps://www.redbubble.com/i/hoodie/One-lonely-beastie-I-be-Rap-Lyrics-by-mymymagic/120818732.GQV8B,"https://ih1.redbubble.net/image.4010015240.8732/ssrco,lightweight_hoodie,mens,heather_mid_grey,front,square_product,x600-bg,f8f8f8.2.jpg"
Simon Henriksson Cry of Fear Pullover Hoodie,randomspider,£28.04,https://www.redbubble.comhttps://www.redbubble.com/i/hoodie/Simon-Henriksson-Cry-of-Fear-by-randomspider/148704609.Z0141,"https://ih1.redbubble.net/image.5669552147.4609/ssrco,mhoodie,mens,heather_light_grey,back,square_product,x600-bg,f8f8f8.1u10.jpg"
Laserluca - Smiley Pullover Hoodie,boboaroteed,£34.72,https://www.redbubble.comhttps://www.redbubble.com/i/hoodie/Laserluca-Smiley-by-boboaroteed/106603214.YFBT8,"https://ih1.redbubble.net/image.3426458964.3214/ssrco,mhoodie,mens,101010:01c5ca27c6,front,square_product,x600-bg,f8f8f8.1u1.jpg"
One lonely beastie I be. - Rap Lyrics 2 Lightweight Sweatshirt,Mosaic-Art,£25.98,https://www.redbubble.comhttps://www.redbubble.com/i/sweatshirt/One-lonely-beastie-I-be-Rap-Lyrics-2-by-Mosaic-Art/166907814.NUC7A.XYZ,"https://ih1.redbubble.net/image.5761988770.7814/ssrco,lightweight_sweatshirt,womens,heather_dark_grey,front,square_product,x600-bg,f8f8f8.1u1.jpg"
Black Cat Holding On Zipped Hoodie,Jenn Inashvili,£32.92,https://www.redbubble.comhttps://www.redbubble.com/i/hoodie/Black-Cat-Holding-On-by-ShortCoffee/21794430.R76QN,"https://ih1.redbubble.net/image.215047620.4430/ssrco,mhoodiez,mens,heather_oatmeal,front,square_product,600x600-bg,f8f8f8.u1.jpg"
Stone Roses Ian Brown Madchester Adored Manchester Sports Design Classic T-Shirt.png Pullover Hoodie,Chriselson,£30.87,https://www.redbubble.comhttps://www.redbubble.com/i/hoodie/Stone-Roses-Ian-Brown-Madchester-Adored-Manchester-Sports-Design-Classic-T-Shirt-png-by-Chriselson/97217868.YFBT8,"https://ih1.redbubble.net/image.3067551897.7868/ssrco,mhoodie,mens,101010:01c5ca27c6,front,square_product,x600-bg,f8f8f8.1.jpg"
Vintage Murder She Wrote - I Killed Them I Killed Them Lightweight Hoodie,hoangloan257,£28.04,https://www.redbubble.comhttps://www.redbubble.com/i/hoodie/Vintage-Murder-She-Wrote-I-Killed-Them-I-Killed-Them-by-hoangloan257/61159376.O6XP1,"https://ih1.redbubble.net/image.1801477033.9376/ssrco,lightweight_hoodie,mens,101010:01c5ca27c6,front,square_product,x600-bg,f8f8f8.2.jpg"
Stay Positive Pullover Sweatshirt,Steven Rhodes,£29.85,https://www.redbubble.comhttps://www.redbubble.com/i/sweatshirt/Stay-Positive-by-stevenrhodes/79299073.WY6W4,"https://ih1.redbubble.net/image.2404102447.9073/ra,sweatshirt,x1800,2649ab:cd93e31dd7,front-c,281,327,600,600-bg,f8f8f8.jpg"
Music rock>>>>>>>>>>>>>>>deftones>>>>>>>>>deftones>>>>>>>>>deftones>>>>>>>>>deftones>>>>>>>>>deftones>>>>> Pullover Hoodie,BlackWhite-SHOP,£38.57,https://www.redbubble.comhttps://www.redbubble.com/i/hoodie/Music-rock-deftones-deftones-deftones-deftones-deftones-by-BlackWhite-SHOP/161057591.YFBT8.XYZ,"https://ih1.redbubble.net/image.5581877190.7591/ssrco,mhoodie,womens,101010:01c5ca27c6,front,square_product,x600-bg,f8f8f8.1.jpg"
Milk outside a bag of milk Lightweight Sweatshirt,Rogue5-,£24.93,https://www.redbubble.comhttps://www.redbubble.com/i/sweatshirt/Milk-outside-a-bag-of-milk-by-Rogue5/108623410.0LCRC,"https://ih1.redbubble.net/image.5717743257.3410/ssrco,lightweight_sweatshirt,mens,101010:01c5ca27c6,front,square_product,x600-bg,f8f8f8.u1.jpg"
Japanese Fox 5 Lightweight Hoodie,TheSamuraiCat,£27.16,https://www.redbubble.comhttps://www.redbubble.com/i/hoodie/Japanese-Fox-5-by-TheSamuraiCat/134128594.O6XP1,"https://ih1.redbubble.net/image.4575103656.8594/ssrco,lightweight_hoodie,mens,101010:01c5ca27c6,front,square_product,x600-bg,f8f8f8.2u2.jpg"
Oasis Sunshiyiiine Logo Lightweight Hoodie,indiedesignsdmd,£26.93,https://www.redbubble.comhttps://www.redbubble.com/i/hoodie/Oasis-Sunshiyiiine-Logo-by-indiedesignsdmd/46476024.GQV8B.XYZ,"https://ih1.redbubble.net/image.1133883780.6024/ssrco,lightweight_hoodie,womens,heather_mid_grey,front,square_product,x600-bg,f8f8f8.1.jpg"
SCREAM MASK Pullover Sweatshirt,kevincharles,£26.40,https://www.redbubble.comhttps://www.redbubble.com/i/sweatshirt/SCREAM-MASK-by-kevincharles/25972005.LEP2X,"https://ih1.redbubble.net/image.5646239851.2005/ra,sweatshirt,x1800,101010:01c5ca27c6,front-c,281,327,600,600-bg,f8f8f8.u2.jpg"
Tour Machine Head Heavy Metal Logo Music Band Pullover Hoodie,DaHooper,£30.87,https://www.redbubble.comhttps://www.redbubble.com/i/hoodie/Tour-Machine-Head-Heavy-Metal-Logo-Music-Band-by-DaHooper/159485801.YFBT8.XYZ,"https://ih1.redbubble.net/image.5482276292.5801/ssrco,mhoodie,womens,101010:01c5ca27c6,front,square_product,x600-bg,f8f8f8.1.jpg"
Not Today Pullover Hoodie,FoxShiver,£33.44,https://www.redbubble.comhttps://www.redbubble.com/i/hoodie/Not-Today-by-FoxShiver/85381169.YFBT8.XYZ,"https://ih1.redbubble.net/image.2962651341.1169/ssrco,mhoodie,womens,101010:01c5ca27c6,front,square_product,x600-bg,f8f8f8.1.jpg"
Avnier white Orelsan Pullover Sweatshirt,VoidZero,£39.03,https://www.redbubble.comhttps://www.redbubble.com/i/sweatshirt/Avnier-white-Orelsan-by-VoidZero/96590646.TJNFS,"https://ih1.redbubble.net/image.4501970626.0646/ra,sweatshirt,x1800,101010:01c5ca27c6,back-c,281,327,600,600-bg,f8f8f8.u1.jpg"
I Am Dedsec Lightweight Hoodie,timka3,£26.93,https://www.redbubble.comhttps://www.redbubble.com/i/hoodie/I-Am-Dedsec-by-timka3/39626153.O6XP1.XYZ,"https://ih1.redbubble.net/image.849132419.6153/ssrco,lightweight_hoodie,womens,101010:01c5ca27c6,front,square_product,x600-bg,f8f8f8.1u17.jpg"
Kendrick Lamar - DAMN. Pullover Hoodie,Puppy-,£30.87,https://www.redbubble.comhttps://www.redbubble.com/i/hoodie/Kendrick-Lamar-DAMN-by-Puppy/26050282.VR8OC,"https://ih1.redbubble.net/image.356096641.0282/ssrco,mhoodie,mens,fafafa:ca443f4786,front,square_product,x600-bg,f8f8f8.1.jpg"
1995 RARE Silverchair Frogstomp '95 Frog Double Lightweight Hoodie,MarvinLReese,£26.93,https://www.redbubble.comhttps://www.redbubble.com/i/hoodie/1995-RARE-Silverchair-Frogstomp-95-Frog-Double-by-MarvinLReese/150936624.GQV8B,"https://ih1.redbubble.net/image.5268272362.6624/ssrco,lightweight_hoodie,mens,heather_mid_grey,front,square_product,x600-bg,f8f8f8.2.jpg"
Stearman Bi-Plane Iconic Vintage Pullover Sweatshirt,RampRatGear,£28.70,https://www.redbubble.comhttps://www.redbubble.com/i/sweatshirt/Stearman-Bi-Plane-Iconic-Vintage-by-RampRatGear/63579403.LEP2X,"https://ih1.redbubble.net/image.1883187756.9403/ra,sweatshirt,x1800,101010:01c5ca27c6,front-c,281,327,600,600-bg,f8f8f8.u3.jpg"
The college dropout Lightweight Hoodie,Urmyo,£29.17,https://www.redbubble.comhttps://www.redbubble.com/i/hoodie/The-college-dropout-by-Urmyo/148759159.O6XP1.XYZ,"https://ih1.redbubble.net/image.5111450488.9159/ssrco,lightweight_hoodie,womens,101010:01c5ca27c6,front,square_product,x600-bg,f8f8f8.1.jpg"
Athletics West Classic Eugene Pullover Hoodie,Athletics West,£30.87,https://www.redbubble.comhttps://www.redbubble.com/i/hoodie/Athletics-West-Classic-Eugene-by-ScaryTown/49592972.ILER6,"https://ih1.redbubble.net/image.1275754308.2972/ssrco,mhoodie,mens,d60618:63655aa038,front,square_product,x600-bg,f8f8f8.1u1.jpg"
GRISELDA Pullover Hoodie,RomeoFlaco,£30.87,https://www.redbubble.comhttps://www.redbubble.com/i/hoodie/GRISELDA-by-RomeoFlaco/42926352.YFBT8,"https://ih1.redbubble.net/image.987154747.6352/ssrco,mhoodie,mens,101010:01c5ca27c6,front,square_product,x600-bg,f8f8f8.1.jpg"
EDDA Zipped Hoodie,RAIDHO,£35.67,https://www.redbubble.comhttps://www.redbubble.com/i/hoodie/EDDA-by-RAIDHO/16246104.BN4XF,"https://ih1.redbubble.net/image.95608680.6104/ssrco,mhoodiez,mens,101010:01c5ca27c6,front,square_product,600x600-bg,f8f8f8.jpg"
The Pitt Dr. Robby Jacket Zipped Hoodie,MuellersMelange,£32.92,https://www.redbubble.comhttps://www.redbubble.com/i/hoodie/The-Pitt-Dr-Robby-Jacket-by-MuellersMelange/169902974.AJ57R,"https://ih1.redbubble.net/image.5809944350.2974/ssrco,mhoodiez,mens,081a2e:18137d705a,front,square_product,600x600-bg,f8f8f8.jpg"
Griselda Records T-Shirtgriselda records Pullover Sweatshirt,MarcusLyara,£29.85,https://www.redbubble.comhttps://www.redbubble.com/i/sweatshirt/Griselda-Records-T-Shirtgriselda-records-by-MarcusLyara/67920434.LEP2X,"https://ih1.redbubble.net/image.2026491591.0434/ra,sweatshirt,x1800,101010:01c5ca27c6,front-c,281,327,600,600-bg,f8f8f8.jpg"
Depeche Mode - Official Pullover Hoodie,LillianRParker,£30.87,https://www.redbubble.comhttps://www.redbubble.com/i/hoodie/Depeche-Mode-Official-by-LillianRParker/152440757.YFBT8,"https://ih1.redbubble.net/image.5247167132.0757/ssrco,mhoodie,mens,101010:01c5ca27c6,front,square_product,x600-bg,f8f8f8.1.jpg"
DAMN. Pullover Hoodie,WeThePeeple,£30.87,https://www.redbubble.comhttps://www.redbubble.com/i/hoodie/DAMN-by-WeThePeeple/26194669.YFBT8,"https://ih1.redbubble.net/image.361954540.4669/ssrco,mhoodie,mens,101010:01c5ca27c6,front,square_product,x600-bg,f8f8f8.1.jpg"
Thanos Legend - Choi Seung-hyun Vintage Pullover Sweatshirt,quotes-print,£27.39,https://www.redbubble.comhttps://www.redbubble.com/i/sweatshirt/Thanos-Legend-Choi-Seung-hyun-Vintage-by-quotes-print/167983458.7PZBN,"https://ih1.redbubble.net/image.5750329555.3458/ra,sweatshirt,x1800,fcfcfa:e7fde99dd4,front-c,281,327,600,600-bg,f8f8f8.jpg"
the boldy Pullover Sweatshirt,kharma zero,£29.85,https://www.redbubble.comhttps://www.redbubble.com/i/sweatshirt/the-boldy-by-fredlevy-hadida/41320919.LEP2X,"https://ih1.redbubble.net/image.2600935083.0919/ra,sweatshirt,x1800,101010:01c5ca27c6,front-c,281,327,600,600-bg,f8f8f8.u1.jpg"
Omori Merch Something Shirt Lightweight Hoodie,betholivekn,£26.93,https://www.redbubble.comhttps://www.redbubble.com/i/hoodie/Omori-Merch-Something-Shirt-by-betholivekn/101510464.O6XP1,"https://ih1.redbubble.net/image.3229707825.0464/ssrco,lightweight_hoodie,mens,101010:01c5ca27c6,front,square_product,x600-bg,f8f8f8.2.jpg"
Are We There Yet? Lightweight Sweatshirt,Steven Rhodes,£27.01,https://www.redbubble.comhttps://www.redbubble.com/i/sweatshirt/Are-We-There-Yet-by-stevenrhodes/116031239.9HM5V,"https://ih1.redbubble.net/image.3811659724.1239/ssrco,lightweight_sweatshirt,mens,0e1521:7e32d1c5b7,front,square_product,x600-bg,f8f8f8.jpg"
GRISELDA small Pullover Hoodie,RomeoFlaco,£30.87,https://www.redbubble.comhttps://www.redbubble.com/i/hoodie/GRISELDA-small-by-RomeoFlaco/42958712.YFBT8.XYZ,"https://ih1.redbubble.net/image.988492597.8712/ssrco,mhoodie,womens,101010:01c5ca27c6,front,square_product,x600-bg,f8f8f8.1.jpg"
8.6 limited edition beer Classic Zipped Hoodie,DanaLeadbette,£32.92,https://www.redbubble.comhttps://www.redbubble.com/i/hoodie/8-6-limited-edition-beer-Classic-by-DanaLeadbette/92885470.BN4XF,"https://ih1.redbubble.net/image.2906300463.5470/ssrco,mhoodiez,mens,101010:01c5ca27c6,front,square_product,600x600-bg,f8f8f8.jpg"
Lady Amalthea - The Last Unicorn Lightweight Hoodie,medusadollmaker,£29.17,https://www.redbubble.comhttps://www.redbubble.com/i/hoodie/Lady-Amalthea-The-Last-Unicorn-by-medusadollmaker/38573021.2FUSB,"https://ih1.redbubble.net/image.810521214.3021/ssrco,lightweight_hoodie,mens,heather_mid_charcoal,front,square_product,x600-bg,f8f8f8.2u2.jpg"
Berleezy - New #EEZYWORLD Spider Apparel Lightweight Sweatshirt,Ideas-Heaven,£27.02,https://www.redbubble.comhttps://www.redbubble.com/i/sweatshirt/Berleezy-New-EEZYWORLD-Spider-Apparel-by-Ideas-Heaven/65211652.0LCRC.XYZ,"https://ih1.redbubble.net/image.1937298922.1652/ssrco,lightweight_sweatshirt,womens,101010:01c5ca27c6,front,square_product,x600-bg,f8f8f8.1.jpg"
Smiling Musical Fox Zipped Hoodie,38Sunsets,£37.87,https://www.redbubble.comhttps://www.redbubble.com/i/hoodie/Smiling-Musical-Fox-by-38Sunsets/36100767.3322G,"https://ih1.redbubble.net/image.776448068.0767/ssrco,mhoodiez,mens,081a2e:18137d705a,back,square_product,600x600-bg,f8f8f8.u2.jpg"
Copenhagen Business School Lightweight Hoodie,Kaixiu-Art,£30.29,https://www.redbubble.comhttps://www.redbubble.com/i/hoodie/Copenhagen-Business-School-by-Kaixiu-Art/84419066.CVVWR.XYZ,"https://ih1.redbubble.net/image.2583164421.9066/ssrco,lightweight_hoodie,womens,406f9c:563adebf26,front,square_product,x600-bg,f8f8f8.1.jpg"
NEW ORDER Lightweight Hoodie,DonaAllard,£26.93,https://www.redbubble.comhttps://www.redbubble.com/i/hoodie/NEW-ORDER-by-DonaAllard/151101303.O6XP1,"https://ih1.redbubble.net/image.5198290716.1303/ssrco,lightweight_hoodie,mens,101010:01c5ca27c6,front,square_product,x600-bg,f8f8f8.2.jpg"
NASA-Inspired Outer Wilds Ventures Pullover Sweatshirt,SnowingRivers,£25.28,https://www.redbubble.comhttps://www.redbubble.com/i/sweatshirt/NASA-Inspired-Outer-Wilds-Ventures-by-SnowingRivers/43282156.7PZBN,"https://ih1.redbubble.net/image.1001862894.2156/ra,sweatshirt,x1800,fcfcfa:e7fde99dd4,front-c,281,327,600,600-bg,f8f8f8.jpg"
Yellow eyes Pullover Sweatshirt,VintageRap,£24.11,https://www.redbubble.comhttps://www.redbubble.com/i/sweatshirt/Yellow-eyes-by-VintageRap/60205457.LEP2X,"https://ih1.redbubble.net/image.1767087155.5457/ra,sweatshirt,x1800,101010:01c5ca27c6,front-c,281,327,600,600-bg,f8f8f8.jpg"
Cat silhouette Zipped Hoodie,NVDesigns,£35.67,https://www.redbubble.comhttps://www.redbubble.com/i/hoodie/Cat-silhouette-by-NVDesigns/40513490.BN4XF,"https://ih1.redbubble.net/image.3982802598.3490/ssrco,mhoodiez,mens,101010:01c5ca27c6,front,square_product,600x600-bg,f8f8f8.jpg"
Habibi Design Pullover Hoodie,MissDewi,£30.87,https://www.redbubble.comhttps://www.redbubble.com/i/hoodie/Habibi-Design-by-MissDewi/29455475.YFBT8.XYZ,"https://ih1.redbubble.net/image.4254259101.5475/ssrco,mhoodie,womens,101010:01c5ca27c6,front,square_product,x600-bg,f8f8f8.1u4.jpg"
Clair Obscur Expedition 33 Lightweight Hoodie,ratsor ratsor,£29.84,https://www.redbubble.comhttps://www.redbubble.com/i/hoodie/Clair-Obscur-Expedition-33-by-brahimyahya/170701741.O6XP1.XYZ,"https://ih1.redbubble.net/image.5833681177.1741/ssrco,lightweight_hoodie,womens,101010:01c5ca27c6,front,square_product,x600-bg,f8f8f8.1u2.jpg"
Slipknoot noot penguin death metal goth hard rock Zipped Hoodie,Lenny Stahl,£34.30,https://www.redbubble.comhttps://www.redbubble.com/i/hoodie/Slipknoot-noot-penguin-death-metal-goth-hard-rock-by-Spanky3328/78300109.7CSOZ,"https://ih1.redbubble.net/image.4424179835.0109/ssrco,mhoodiez,mens,101010:01c5ca27c6,back,square_product,600x600-bg,f8f8f8.jpg"
Capsule Corp. Zipped Hoodie,eitandam,£32.92,https://www.redbubble.comhttps://www.redbubble.com/i/hoodie/Capsule-Corp-by-eitandam/102843725.BN4XF,"https://ih1.redbubble.net/image.3280386524.3725/ssrco,mhoodiez,mens,101010:01c5ca27c6,front,square_product,600x600-bg,f8f8f8.jpg"
croissant Pullover Sweatshirt,swankytim,£27.56,https://www.redbubble.comhttps://www.redbubble.com/i/sweatshirt/croissant-by-swankytim/108464975.WY6W4,"https://ih1.redbubble.net/image.3499167870.4975/ra,sweatshirt,x1800,2649ab:cd93e31dd7,front-c,281,327,600,600-bg,f8f8f8.jpg"
FRIENDS Lightweight Hoodie,Princendour,£26.93,https://www.redbubble.comhttps://www.redbubble.com/i/hoodie/FRIENDS-by-Princendour/47688788.O6XP1.XYZ,"https://ih1.redbubble.net/image.1189386463.8788/ssrco,lightweight_hoodie,womens,101010:01c5ca27c6,front,square_product,x600-bg,f8f8f8.1.jpg"
Sickick Logo S!ckK!ck Pullover Hoodie,Mr Shy,£34.72,https://www.redbubble.comhttps://www.redbubble.com/i/hoodie/Sickick-Logo-S-ckK-ck-by-MrShy/135796451.VR8OC.XYZ,"https://ih1.redbubble.net/image.4641794194.6451/ssrco,mhoodie,womens,fafafa:ca443f4786,front,square_product,x600-bg,f8f8f8.1.jpg"
Swimming Girl Definition Funny & Sassy Sports Design Lightweight Hoodie,yesqueen,£28.04,https://www.redbubble.comhttps://www.redbubble.com/i/hoodie/Swimming-Girl-Definition-Funny-and-Sassy-Sports-Design-by-yesqueen/31647929.O6XP1,"https://ih1.redbubble.net/image.560909969.7929/ssrco,lightweight_hoodie,mens,101010:01c5ca27c6,front,square_product,x600-bg,f8f8f8.2u2.jpg"
The College Dropout Godfather Pullover Hoodie,JosephLeee,£30.87,https://www.redbubble.comhttps://www.redbubble.com/i/hoodie/The-College-Dropout-Godfather-by-JosephLeee/127001983.YFBT8.XYZ,"https://ih1.redbubble.net/image.4274941058.1983/ssrco,mhoodie,womens,101010:01c5ca27c6,front,square_product,x600-bg,f8f8f8.1.jpg"
Tamiya Stars Logo Lightweight Hoodie,RC Racing Legends,£26.93,https://www.redbubble.comhttps://www.redbubble.com/i/hoodie/Tamiya-Stars-Logo-by-RCRacingLegends/60783990.GQV8B,"https://ih1.redbubble.net/image.1787985247.3990/ssrco,lightweight_hoodie,mens,heather_mid_grey,front,square_product,x600-bg,f8f8f8.2.jpg"
Godolphin White Lightweight Hoodie,toly,£26.92,https://www.redbubble.comhttps://www.redbubble.com/i/hoodie/Godolphin-White-by-toly/52435861.CVVWR,"https://ih1.redbubble.net/image.1410374221.5861/ssrco,lightweight_hoodie,mens,406f9c:563adebf26,front,square_product,x600-bg,f8f8f8.2.jpg"
shady Pullover Hoodie,livingston88,£36.00,https://www.redbubble.comhttps://www.redbubble.com/i/hoodie/shady-by-livingston88/142869131.YFBT8,"https://ih1.redbubble.net/image.4928408288.9131/ssrco,mhoodie,mens,101010:01c5ca27c6,front,square_product,x600-bg,f8f8f8.1.jpg"
"design ghost Legend band, ghost music Pullover Sweatshirt",Yonobakrie,£27.56,https://www.redbubble.comhttps://www.redbubble.com/i/sweatshirt/design-ghost-Legend-band-ghost-music-by-Yonobakrie/164239179.LEP2X,"https://ih1.redbubble.net/image.5634564791.9179/ra,sweatshirt,x1800,101010:01c5ca27c6,front-c,281,327,600,600-bg,f8f8f8.jpg"
Greendale Community College E Pluribus Anus Wei5c Classic T-Shirt Pullover Sweatshirt,MaddisonHicks,£27.56,https://www.redbubble.comhttps://www.redbubble.com/i/sweatshirt/Greendale-Community-College-E-Pluribus-Anus-Wei5c-Classic-T-Shirt-by-MaddisonHicks/104077792.LEP2X,"https://ih1.redbubble.net/image.3328012597.7792/ra,sweatshirt,x1800,101010:01c5ca27c6,front-c,281,327,600,600-bg,f8f8f8.jpg"
Blinks 182 Band Blinks 182 Concert Pullover Hoodie,FusionVisions,£30.87,https://www.redbubble.comhttps://www.redbubble.com/i/hoodie/Blinks-182-Band-Blinks-182-Concert-by-FusionVisions/166340631.YFBT8,"https://ih1.redbubble.net/image.5700001786.0631/ssrco,mhoodie,mens,101010:01c5ca27c6,front,square_product,x600-bg,f8f8f8.1.jpg"
Big V t-shirt and more Zipped Hoodie,footy and more,£49.40,https://www.redbubble.comhttps://www.redbubble.com/i/hoodie/Big-V-t-shirt-and-more-by-guy1788/39191257.AJ57R,"https://ih1.redbubble.net/image.833721161.1257/ssrco,mhoodiez,mens,081a2e:18137d705a,front,square_product,600x600-bg,f8f8f8.jpg"
Barry Sheene Motogp Pullover Hoodie,EagleBleak,£37.29,https://www.redbubble.comhttps://www.redbubble.com/i/hoodie/Barry-Sheene-Motogp-by-EagleBleak/150994322.YFBT8.XYZ,"https://ih1.redbubble.net/image.5223448556.4322/ssrco,mhoodie,womens,101010:01c5ca27c6,front,square_product,x600-bg,f8f8f8.1.jpg"
Stone Roses Ian Brown Madchester Adored Manchester Sports Design Classic T-Shirt Zipped Hoodie,Lindaeaver,£32.92,https://www.redbubble.comhttps://www.redbubble.com/i/hoodie/Stone-Roses-Ian-Brown-Madchester-Adored-Manchester-Sports-Design-Classic-T-Shirt-by-Lindaeaver/98558533.BN4XF,"https://ih1.redbubble.net/image.3118204083.8533/ssrco,mhoodiez,mens,101010:01c5ca27c6,front,square_product,600x600-bg,f8f8f8.jpg"
VETEMENTS Lightweight Sweatshirt,LAFLAME,£24.93,https://www.redbubble.comhttps://www.redbubble.com/i/sweatshirt/VETEMENTS-by-LAFLAME/28220383.0LCRC,"https://ih1.redbubble.net/image.435706790.0383/ssrco,lightweight_sweatshirt,mens,101010:01c5ca27c6,front,square_product,x600-bg,f8f8f8.u7.jpg"
The Great Wave off Kanagawa by Katsushika Hokusai (c 1830-1833) Pullover Sweatshirt,allhistory,£27.93,https://www.redbubble.comhttps://www.redbubble.com/i/sweatshirt/The-Great-Wave-off-Kanagawa-by-Katsushika-Hokusai-c-1830-1833-by-allhistory/18456390.7PZBN,"https://ih1.redbubble.net/image.746175645.6390/ra,sweatshirt,x1800,fcfcfa:e7fde99dd4,front-c,281,327,600,600-bg,f8f8f8.u3.jpg"
Vib Ribbon Lightweight Hoodie,autoboxdesign,£26.03,https://www.redbubble.comhttps://www.redbubble.com/i/hoodie/Vib-Ribbon-by-autoboxdesign/34559083.O6XP1.XYZ,"https://ih1.redbubble.net/image.3280970787.9083/ssrco,lightweight_hoodie,womens,101010:01c5ca27c6,front,square_product,x600-bg,f8f8f8.1u4.jpg"
Mid-80s Logomark Athletics West Track Club Lightweight Hoodie,Athletics West,£26.93,https://www.redbubble.comhttps://www.redbubble.com/i/hoodie/Mid-80s-Logomark-Athletics-West-Track-Club-by-ScaryTown/141329321.MAO2B,"https://ih1.redbubble.net/image.4850972504.9321/ssrco,lightweight_hoodie,mens,heather_denim,front,square_product,x600-bg,f8f8f8.2.jpg"
Berklee College of Music Pullover Sweatshirt,kjanaexx,£25.28,https://www.redbubble.comhttps://www.redbubble.com/i/sweatshirt/Berklee-College-of-Music-by-kjanaexx/16312074.7PZBN,"https://ih1.redbubble.net/image.1416862392.2074/ra,sweatshirt,x1800,fcfcfa:e7fde99dd4,front-c,281,327,600,600-bg,f8f8f8.u1.jpg"
Vintage University of Roehampton London Zipped Hoodie,MemoUniversity,£35.67,https://www.redbubble.comhttps://www.redbubble.com/i/hoodie/Vintage-University-of-Roehampton-London-by-MemoUniversity/162873479.AJ57R,"https://ih1.redbubble.net/image.5590946172.3479/ssrco,mhoodiez,mens,081a2e:18137d705a,front,square_product,600x600-bg,f8f8f8.u2.jpg"
Aperture Science Laboratories - Portal Zipped Hoodie,StreetArtiist,£31.52,https://www.redbubble.comhttps://www.redbubble.com/i/hoodie/Aperture-Science-Laboratories-Portal-by-StreetArtiist/161588761.BN4XF,"https://ih1.redbubble.net/image.5550275958.8761/ssrco,mhoodiez,mens,101010:01c5ca27c6,front,square_product,600x600-bg,f8f8f8.jpg"
Cactus Jack Logo Pullover Hoodie,Nisyros,£30.87,https://www.redbubble.comhttps://www.redbubble.com/i/hoodie/Cactus-Jack-Logo-by-Nisyros/86305633.YFBT8.XYZ,"https://ih1.redbubble.net/image.2653460355.5633/ssrco,mhoodie,womens,101010:01c5ca27c6,front,square_product,x600-bg,f8f8f8.1.jpg"
beta beta 1 squad beta 2 squad guessbeta 3 Pullover Hoodie,PabloRaeya,£32.92,https://www.redbubble.comhttps://www.redbubble.com/i/hoodie/beta-beta-1-squad-beta-2-squad-guessbeta-3-by-PabloRaeya/148491938.YFBT8.XYZ,"https://ih1.redbubble.net/image.5101738398.1938/ssrco,mhoodie,womens,101010:01c5ca27c6,front,square_product,x600-bg,f8f8f8.1.jpg"
Helluva boss Stolas Lightweight Hoodie,G-soufiane,£31.42,https://www.redbubble.comhttps://www.redbubble.com/i/hoodie/Helluva-boss-Stolas-by-G-soufiane/72397496.GQV8B,"https://ih1.redbubble.net/image.2173842817.7496/ssrco,lightweight_hoodie,mens,heather_mid_grey,front,square_product,x600-bg,f8f8f8.2u1.jpg"
The NBHD university inspired Pullover Hoodie,giavanna-art,£36.00,https://www.redbubble.comhttps://www.redbubble.com/i/hoodie/The-NBHD-university-inspired-by-giavanna-art/90567668.YFBT8,"https://ih1.redbubble.net/image.3292663363.7668/ssrco,mhoodie,mens,101010:01c5ca27c6,front,square_product,x600-bg,f8f8f8.1u4.jpg"
Alf Mugshot Pullover Sweatshirt,MunkeeWear,£26.40,https://www.redbubble.comhttps://www.redbubble.com/i/sweatshirt/Alf-Mugshot-by-MunkeeWear/104832499.LEP2X,"https://ih1.redbubble.net/image.5439079672.2499/ra,sweatshirt,x1800,101010:01c5ca27c6,front-c,281,327,600,600-bg,f8f8f8.u1.jpg"
Butterfly Bad Habits Pullover Hoodie,minimalarchive,£33.43,https://www.redbubble.comhttps://www.redbubble.com/i/hoodie/Butterfly-Bad-Habits-by-minimalarchive/36633438.YFBT8.XYZ,"https://ih1.redbubble.net/image.735226097.3438/ssrco,mhoodie,womens,101010:01c5ca27c6,front,square_product,x600-bg,f8f8f8.1u4.jpg"
grumpy frog japanese Zipped Hoodie,Star5sixx,£34.30,https://www.redbubble.comhttps://www.redbubble.com/i/hoodie/grumpy-frog-japanese-by-Star5sixx/128929151.G3OQV,"https://ih1.redbubble.net/image.4358789911.9151/ssrco,mhoodiez,mens,heather_oatmeal,back,square_product,600x600-bg,f8f8f8.u1.jpg"
Drifting in Otter Space (best for color) Pullover Sweatshirt,Cayla Chicovsky,£27.56,https://www.redbubble.comhttps://www.redbubble.com/i/sweatshirt/Drifting-in-Otter-Space-best-for-color-by-CaylaChicovsky/24189768.LEP2X,"https://ih1.redbubble.net/image.292786396.9768/ra,sweatshirt,x1800,101010:01c5ca27c6,front-c,281,327,600,600-bg,f8f8f8.u2.jpg"
Cat and Dog Pullover Hoodie,ValentinaHramov,£33.95,https://www.redbubble.comhttps://www.redbubble.com/i/hoodie/Cat-and-Dog-by-ValentinaHramov/55028249.YFBT8.XYZ,"https://ih1.redbubble.net/image.1539029418.8249/ssrco,mhoodie,womens,101010:01c5ca27c6,front,square_product,x600-bg,f8f8f8.1.jpg"
House Music - Vintage Retro Hexagon Lightweight Hoodie,Jam Jar,£29.40,https://www.redbubble.comhttps://www.redbubble.com/i/hoodie/House-Music-Vintage-Retro-Hexagon-by-ethandirks/28820556.O6XP1,"https://ih1.redbubble.net/image.458463386.0556/ssrco,lightweight_hoodie,mens,101010:01c5ca27c6,front,square_product,x600-bg,f8f8f8.2u4.jpg"
"""VLone"" Pullover Hoodie",ASFH,£30.87,https://www.redbubble.comhttps://www.redbubble.com/i/hoodie/VLone-by-ASFH/23784162.XH4TF.XYZ,"https://ih1.redbubble.net/image.278287360.4162/ssrco,mhoodie,womens,101010:01c5ca27c6,back,square_product,x600-bg,f8f8f8.1u2.jpg"
elektra Lightweight Sweatshirt,DoctorDisco63,£24.93,https://www.redbubble.comhttps://www.redbubble.com/i/sweatshirt/elektra-by-DoctorDisco63/127495870.T2CQ7,"https://ih1.redbubble.net/image.4296149252.5870/ssrco,lightweight_sweatshirt,mens,heather_mid_charcoal,front,square_product,x600-bg,f8f8f8.u1.jpg"
Cat in Lotus Tattoo Lightweight Sweatshirt,runcatrun,£27.01,https://www.redbubble.comhttps://www.redbubble.com/i/sweatshirt/Cat-in-Lotus-Tattoo-by-runcatrun/25637172.NUC7A.XYZ,"https://ih1.redbubble.net/image.341813822.7172/ssrco,lightweight_sweatshirt,womens,heather_dark_grey,front,square_product,x600-bg,f8f8f8.1u7.jpg"
Oyasumi PunPun Pullover Hoodie,Ettore13,£30.87,https://www.redbubble.comhttps://www.redbubble.com/i/hoodie/Oyasumi-PunPun-by-Ettore13/39147162.YFBT8,"https://ih1.redbubble.net/image.831483738.7162/ssrco,mhoodie,mens,101010:01c5ca27c6,front,square_product,x600-bg,f8f8f8.1u1.jpg"
Elephant King Yellow Crown TV Show Kids Pullover Sweatshirt,westendwilly,£25.28,https://www.redbubble.comhttps://www.redbubble.com/i/sweatshirt/Elephant-King-Yellow-Crown-TV-Show-Kids-by-westendwilly/151721374.7PZBN,"https://ih1.redbubble.net/image.5220863499.1374/ra,sweatshirt,x1800,fcfcfa:e7fde99dd4,front-c,281,327,600,600-bg,f8f8f8.jpg"
Royal Academy of Music RAM London Pullover Hoodie,UkCollegeVibes,£30.87,https://www.redbubble.comhttps://www.redbubble.com/i/hoodie/Royal-Academy-of-Music-RAM-London-by-UkCollegeVibes/145307960.O16E3.XYZ,"https://ih1.redbubble.net/image.4992068899.7960/ssrco,mhoodie,womens,heather_oatmeal,front,square_product,x600-bg,f8f8f8.1.jpg"
Berklee College Of Music Lightweight Hoodie,Jim Smith,£26.93,https://www.redbubble.comhttps://www.redbubble.com/i/hoodie/Berklee-College-Of-Music-by-cayquadi/82945214.O6XP1.XYZ,"https://ih1.redbubble.net/image.2529743176.5214/ssrco,lightweight_hoodie,womens,101010:01c5ca27c6,front,square_product,x600-bg,f8f8f8.1.jpg"
Rock band cure this charming man essential t shirt Lightweight Hoodie,marleny3124,£26.93,https://www.redbubble.comhttps://www.redbubble.com/i/hoodie/Rock-band-cure-this-charming-man-essential-t-shirt-by-marleny3124/106771665.O6XP1,"https://ih1.redbubble.net/image.3433026209.1665/ssrco,lightweight_hoodie,mens,101010:01c5ca27c6,front,square_product,x600-bg,f8f8f8.2.jpg"
SAD Zipped Hoodie,Suhpremee,£32.92,https://www.redbubble.comhttps://www.redbubble.com/i/hoodie/SAD-by-Suhpremee/59498785.BN4XF,"https://ih1.redbubble.net/image.1741351214.8785/ssrco,mhoodiez,mens,101010:01c5ca27c6,front,square_product,600x600-bg,f8f8f8.jpg"
Taylor Albums Book Flowers Country Music Lover Swift Swifts Lightweight Hoodie,Ebonydeal,£26.93,https://www.redbubble.comhttps://www.redbubble.com/i/hoodie/Taylor-Albums-Book-Flowers-Country-Music-Lover-Swift-Swifts-by-Ebonydeal/159640462.O6XP1,"https://ih1.redbubble.net/image.5487429831.0462/ssrco,lightweight_hoodie,mens,101010:01c5ca27c6,front,square_product,x600-bg,f8f8f8.2.jpg"
Misfits Pullover Sweatshirt,jarrelltaneeka,£27.56,https://www.redbubble.comhttps://www.redbubble.com/i/sweatshirt/Misfits-by-jarrelltaneeka/107324523.LEP2X,"https://ih1.redbubble.net/image.3454728392.4523/ra,sweatshirt,x1800,101010:01c5ca27c6,front-c,281,327,600,600-bg,f8f8f8.jpg"
Homer tucked in sleeping Pullover Hoodie,Grav1n,£30.87,https://www.redbubble.comhttps://www.redbubble.com/i/hoodie/Homer-tucked-in-sleeping-by-Grav1n/159973758.JPPXM,"https://ih1.redbubble.net/image.5498206842.3758/ssrco,mhoodie,mens,fafafa:ca443f4786,front,square_product,x600-bg,f8f8f8.1.jpg"
Monkey Business Zipped Hoodie,Nicklas81,£32.92,https://www.redbubble.comhttps://www.redbubble.com/i/hoodie/Monkey-Business-by-Nicklas81/9170862.IYZHV,"https://ih1.redbubble.net/image.93386443.0862/ssrco,mhoodiez,mens,heather_mid_grey,back,square_product,600x600-bg,f8f8f8.u1.jpg"
Capsule Corp. Lightweight Hoodie,boardmine,£26.93,https://www.redbubble.comhttps://www.redbubble.com/i/hoodie/Capsule-Corp-by-boardmine/107321260.O6XP1.XYZ,"https://ih1.redbubble.net/image.3454595885.1260/ssrco,lightweight_hoodie,womens,101010:01c5ca27c6,front,square_product,x600-bg,f8f8f8.1.jpg"
Dungeons & Dragons Baldur's Gate Pullover Sweatshirt,HellayCoriles,£28.45,https://www.redbubble.comhttps://www.redbubble.com/i/sweatshirt/Dungeons-and-Dragons-Baldur-s-Gate-by-HellayCoriles/150447463.7PZBN,"https://ih1.redbubble.net/image.5173922215.7463/ra,sweatshirt,x1800,fcfcfa:e7fde99dd4,front-c,281,327,600,600-bg,f8f8f8.jpg"
"""Exit Life"" Lil Peep Pullover Hoodie",HerrKoolS,£30.87,https://www.redbubble.comhttps://www.redbubble.com/i/hoodie/Exit-Life-Lil-Peep-by-HerrKoolS/68671038.XH4TF.XYZ,"https://ih1.redbubble.net/image.2052295660.1038/ssrco,mhoodie,womens,101010:01c5ca27c6,back,square_product,x600-bg,f8f8f8.1.jpg"
Dino Pullover Hoodie,Amy Rockett,£30.87,https://www.redbubble.comhttps://www.redbubble.com/i/hoodie/Dino-by-RockettMagic/21637947.JPPXM,"https://ih1.redbubble.net/image.210439630.7947/ssrco,mhoodie,mens,fafafa:ca443f4786,front,square_product,x600-bg,f8f8f8.1u3.jpg"
Athletics West Mid 80s Last Logo Pullover Sweatshirt,Athletics West,£27.56,https://www.redbubble.comhttps://www.redbubble.com/i/sweatshirt/Athletics-West-Mid-80s-Last-Logo-by-ScaryTown/55338008.WY6W4,"https://ih1.redbubble.net/image.1605087852.8008/ra,sweatshirt,x1800,2649ab:cd93e31dd7,front-c,281,327,600,600-bg,f8f8f8.u1.jpg"
Beastars Pullover Sweatshirt,coolsocrati,£33.29,https://www.redbubble.comhttps://www.redbubble.com/i/sweatshirt/Beastars-by-coolsocrati/40460189.LEP2X,"https://ih1.redbubble.net/image.883388371.0189/ra,sweatshirt,x1800,101010:01c5ca27c6,front-c,281,327,600,600-bg,f8f8f8.jpg"
Seymour's Organic Plant Food - musical theatre - vintage - cult movie Lightweight Hoodie,Nemons,£26.93,https://www.redbubble.comhttps://www.redbubble.com/i/hoodie/Seymour-s-Organic-Plant-Food-musical-theatre-vintage-cult-movie-by-Nemons/17165825.O6XP1,"https://ih1.redbubble.net/image.114387125.5825/ssrco,lightweight_hoodie,mens,101010:01c5ca27c6,front,square_product,x600-bg,f8f8f8.2.jpg"
Ballin Lightweight Sweatshirt,fashiony,£24.93,https://www.redbubble.comhttps://www.redbubble.com/i/sweatshirt/Ballin-by-fashiony/36127475.0LCRC.XYZ,"https://ih1.redbubble.net/image.2657855052.7475/ssrco,lightweight_sweatshirt,womens,101010:01c5ca27c6,front,square_product,x600-bg,f8f8f8.1u3.jpg"
Enderman Pullover Hoodie,mateusquandt,£30.87,https://www.redbubble.comhttps://www.redbubble.com/i/hoodie/Enderman-by-mateusquandt/17744813.YFBT8,"https://ih1.redbubble.net/image.1254861260.4813/ssrco,mhoodie,mens,101010:01c5ca27c6,front,square_product,x600-bg,f8f8f8.1u4.jpg"
Bb Dripping Moon Zipped Hoodie,ClaudineDijoux,£32.92,https://www.redbubble.comhttps://www.redbubble.com/i/hoodie/Bb-Dripping-Moon-by-ClaudineDijoux/160006430.VHHY1,"https://ih1.redbubble.net/image.5499263052.6430/ssrco,mhoodiez,mens,heather_oatmeal,front,square_product,600x600-bg,f8f8f8.jpg"
Design (minimal) Zipped Hoodie,developer-gifts,£35.67,https://www.redbubble.comhttps://www.redbubble.com/i/hoodie/Design-minimal-by-developer-gifts/33788488.BN4XF,"https://ih1.redbubble.net/image.634682232.8488/ssrco,mhoodiez,mens,101010:01c5ca27c6,front,square_product,600x600-bg,f8f8f8.u2.jpg"
Straight Outta Scranton - Lazy Scranton Lightweight Hoodie,huckblade,£29.17,https://www.redbubble.comhttps://www.redbubble.com/i/hoodie/Straight-Outta-Scranton-Lazy-Scranton-by-huckblade/35449705.O6XP1,"https://ih1.redbubble.net/image.693669568.9705/ssrco,lightweight_hoodie,mens,101010:01c5ca27c6,front,square_product,x600-bg,f8f8f8.2u5.jpg"
"Los Angeles, California Zipped Hoodie",Novel Gifts,£35.35,https://www.redbubble.comhttps://www.redbubble.com/i/hoodie/Los-Angeles-California-by-Sarchia/53223199.BN4XF,"https://ih1.redbubble.net/image.1449324353.3199/ssrco,mhoodiez,mens,101010:01c5ca27c6,front,square_product,600x600-bg,f8f8f8.jpg"
Don't Forget Pullover Sweatshirt,Pacific-Axe,£25.28,https://www.redbubble.comhttps://www.redbubble.com/i/sweatshirt/Don-t-Forget-by-Pacific-Axe/10301056.LZ09A,"https://ih1.redbubble.net/image.13931319.1056/ra,sweatshirt,x1800,fcfcfa:e7fde99dd4,back-c,281,327,600,600-bg,f8f8f8.u3.jpg"
Last Child Left - Lovelocked Pullover Sweatshirt,DigitalChildren,£27.56,https://www.redbubble.comhttps://www.redbubble.com/i/sweatshirt/Last-Child-Left-Lovelocked-by-DigitalChildren/171226168.LEP2X,"https://ih1.redbubble.net/image.5850898568.6168/ra,sweatshirt,x1800,101010:01c5ca27c6,front-c,281,327,600,600-bg,f8f8f8.u1.jpg"
VLONE Pullover Sweatshirt,mbshopping,£27.56,https://www.redbubble.comhttps://www.redbubble.com/i/sweatshirt/VLONE-by-mbshopping/57145253.LEP2X,"https://ih1.redbubble.net/image.1638228058.5253/ra,sweatshirt,x1800,101010:01c5ca27c6,front-c,281,327,600,600-bg,f8f8f8.jpg"
Glass Animals ILYSFM Tour Graphic Band Colorful Lyric Tshirt Lightweight Hoodie,Ninefold,£28.04,https://www.redbubble.comhttps://www.redbubble.com/i/hoodie/Glass-Animals-ILYSFM-Tour-Graphic-Band-Colorful-Lyric-Tshirt-by-swalcher/164576487.O6XP1.XYZ,"https://ih1.redbubble.net/image.5645179805.6487/ssrco,lightweight_hoodie,womens,101010:01c5ca27c6,front,square_product,x600-bg,f8f8f8.1u1.jpg"
